date,long_tickers,short_tickers,gross_return,turnover_long,turnover_short,transaction_cost,net_return,model_name,cumulative_equity,cumulative_equity_gross
2023-10-01,"frozenset({'DIVISLAB.NS', 'COFORGE.NS', 'MPHASIS.NS', 'HINDALCO.NS', 'ADANIPORTS.NS', 'COALINDIA.NS'})","frozenset({'HDFCBANK.NS', 'ICICIBANK.NS', 'RELIANCE.NS', 'TCS.NS', 'ULTRACEMCO.NS', 'NESTLEIND.NS'})",0.07893835192646803,1.0,1.0,0.002,0.07693835192646803,Ridge,1.0769383519264681,1.078938351926468
2023-11-01,"frozenset({'DIVISLAB.NS', 'MPHASIS.NS', 'TRENT.NS', 'IOC.NS', 'BPCL.NS', 'ADANIPORTS.NS'})","frozenset({'HDFCBANK.NS', 'ICICIBANK.NS', 'RELIANCE.NS', 'AXISBANK.NS', 'ULTRACEMCO.NS', 'TCS.NS'})",0.041011470458069826,0.5,0.16666666666666666,0.0006666666666666666,0.04034480379140316,Ridge,1.1203872184303785,1.1231872002725787
2023-12-01,"frozenset({'HDFCLIFE.NS', 'MPHASIS.NS', 'BPCL.NS', 'IOC.NS', 'TRENT.NS', 'ADANIPORTS.NS'})","frozenset({'HDFCBANK.NS', 'HINDUNILVR.NS', 'MARUTI.NS', 'ICICIBANK.NS', 'RELIANCE.NS', 'TCS.NS'})",0.05858061378746473,0.16666666666666666,0.3333333333333333,0.0005,0.05808061378746473,Ridge,1.1854599957564451,1.1889841958627705
2024-01-01,"frozenset({'HDFCLIFE.NS', 'DIVISLAB.NS', 'MPHASIS.NS', 'IOC.NS', 'HINDALCO.NS', 'BPCL.NS'})","frozenset({'HCLTECH.NS', 'TITAN.NS', 'ICICIBANK.NS', 'RELIANCE.NS', 'GRASIM.NS', 'TCS.NS'})",0.000232892542455454,0.3333333333333333,0.5,0.0008333333333333333,-0.0006004407908778793,Ridge,1.184748197219039,1.1892611014150845
2024-02-01,"frozenset({'IOC.NS', 'MPHASIS.NS', 'TRENT.NS', 'HINDALCO.NS', 'HEROMOTOCO.NS', 'CHOLAFIN.NS'})","frozenset({'TITAN.NS', 'ICICIBANK.NS', 'MARUTI.NS', 'RELIANCE.NS', 'AXISBANK.NS', 'TCS.NS'})",0.006896319996522238,0.5,0.3333333333333333,0.0008333333333333333,0.006062986663188904,Ridge,1.191931309738015,1.1974626265298594
2024-03-01,"frozenset({'COFORGE.NS', 'MPHASIS.NS', 'TRENT.NS', 'IOC.NS', 'HINDALCO.NS', 'BPCL.NS'})","frozenset({'TITAN.NS', 'ICICIBANK.NS', 'MARUTI.NS', 'RELIANCE.NS', 'AXISBANK.NS', 'GRASIM.NS'})",0.0016977553394736215,0.3333333333333333,0.16666666666666666,0.0005,0.0011977553394736215,Ridge,1.1933589518285395,1.1994956250978706
2024-04-01,"frozenset({'PERSISTENT.NS', 'COFORGE.NS', 'MPHASIS.NS', 'HINDALCO.NS', 'ZYDUSLIFE.NS', 'BPCL.NS'})","frozenset({'MARUTI.NS', 'ICICIBANK.NS', 'RELIANCE.NS', 'INDUSINDBK.NS', 'AXISBANK.NS', 'GRASIM.NS'})",0.04850060898550953,0.3333333333333333,0.16666666666666666,0.0005,0.04800060898550953,Ridge,1.2506409082546188,1.2576718933905717
2024-05-01,"frozenset({'PERSISTENT.NS', 'COFORGE.NS', 'BEL.NS', 'MPHASIS.NS', 'HINDALCO.NS', 'ABB.NS'})","frozenset({'HDFCBANK.NS', 'ICICIBANK.NS', 'RELIANCE.NS', 'INDUSINDBK.NS', 'AXISBANK.NS', 'TCS.NS'})",0.00812461047277202,0.3333333333333333,0.3333333333333333,0.0006666666666666666,0.007457943806105353,Ridge,1.2599681178699982,1.2678899876269236
2024-06-01,"frozenset({'PERSISTENT.NS', 'BEL.NS', 'HINDALCO.NS', 'HAL.NS', 'TRENT.NS', 'ABB.NS'})","frozenset({'HDFCBANK.NS', 'ICICIBANK.NS', 'RELIANCE.NS', 'INDUSINDBK.NS', 'ITC.NS', 'TCS.NS'})",-0.021577822557292313,0.3333333333333333,0.16666666666666666,0.0005,-0.022077822557292313,Ridge,1.2321507653358188,1.2405316824517423
2024-07-01,"frozenset({'PERSISTENT.NS', 'SIEMENS.NS', 'BEL.NS', 'MPHASIS.NS', 'HAL.NS', 'ABB.NS'})","frozenset({'HDFCBANK.NS', 'HINDUNILVR.NS', 'MARUTI.NS', 'ICICIBANK.NS', 'RELIANCE.NS', 'INDUSINDBK.NS'})",-4.049258306689386e-05,0.3333333333333333,0.3333333333333333,0.0006666666666666666,-0.0007071592497335605,Ridge,1.2312794385250454,1.2404814501195434
2024-08-01,"frozenset({'PERSISTENT.NS', 'SIEMENS.NS', 'BEL.NS', 'HAL.NS', 'ZYDUSLIFE.NS', 'ABB.NS'})","frozenset({'ICICIBANK.NS', 'HDFCBANK.NS', 'BRITANNIA.NS', 'RELIANCE.NS', 'INDUSINDBK.NS', 'BAJAJFINSV.NS'})",-0.05190343524247772,0.16666666666666666,0.3333333333333333,0.0005,-0.052403435242477724,Ridge,1.1667561662029038,1.1760962015037688
2024-09-01,"frozenset({'PERSISTENT.NS', 'SIEMENS.NS', 'MPHASIS.NS', 'HAL.NS', 'ZYDUSLIFE.NS', 'ONGC.NS'})","frozenset({'LT.NS', 'HDFCBANK.NS', 'ICICIBANK.NS', 'RELIANCE.NS', 'INDUSINDBK.NS', 'POWERGRID.NS'})",0.025540151924737374,0.3333333333333333,0.3333333333333333,0.0006666666666666666,0.024873485258070708,Ridge,1.1957774585027148,1.2061338771682817
2024-10-01,"frozenset({'IOC.NS', 'BAJAJ-AUTO.NS', 'INDUSINDBK.NS', 'BPCL.NS', 'CHOLAFIN.NS', 'SHRIRAMFIN.NS'})","frozenset({'LT.NS', 'KOTAKBANK.NS', 'HDFCBANK.NS', 'ICICIBANK.NS', 'AXISBANK.NS', 'SBIN.NS'})",-0.06327715735431037,1.0,0.5,0.0015,-0.06477715735431037,Ridge,1.1183183939125472,1.12981315403234
2024-11-01,"frozenset({'ASIANPAINT.NS', 'IOC.NS', 'INDUSINDBK.NS', 'BAJAJ-AUTO.NS', 'CHOLAFIN.NS', 'SHRIRAMFIN.NS'})","frozenset({'LT.NS', 'KOTAKBANK.NS', 'HDFCBANK.NS', 'ICICIBANK.NS', 'RELIANCE.NS', 'SBIN.NS'})",-0.013555442822553387,0.16666666666666666,0.16666666666666666,0.0003333333333333333,-0.01388877615588672,Ridge,1.102786320068485,1.114498036422686
2024-12-01,"frozenset({'SIEMENS.NS', 'IOC.NS', 'INDUSINDBK.NS', 'BAJAJ-AUTO.NS', 'CHOLAFIN.NS', 'ONGC.NS'})","frozenset({'LT.NS', 'KOTAKBANK.NS', 'HDFCBANK.NS', 'ICICIBANK.NS', 'RELIANCE.NS', 'AXISBANK.NS'})",0.02302273440037219,0.3333333333333333,0.16666666666666666,0.0005,0.02252273440037219,Ridge,1.1276240834557514,1.1401568287049817
2025-01-01,"frozenset({'PERSISTENT.NS', 'COFORGE.NS', 'INDUSINDBK.NS', 'TRENT.NS', 'CHOLAFIN.NS', 'ABB.NS'})","frozenset({'LT.NS', 'KOTAKBANK.NS', 'HDFCBANK.NS', 'ICICIBANK.NS', 'RELIANCE.NS', 'SBIN.NS'})",-0.027621532066195754,0.6666666666666666,0.16666666666666666,0.0008333333333333333,-0.028454865399529086,Ridge,1.0955376919397506,1.108663950300415
2025-02-01,"frozenset({'SIEMENS.NS', 'COFORGE.NS', 'VBL.NS', 'MPHASIS.NS', 'INDUSINDBK.NS', 'CHOLAFIN.NS'})","frozenset({'KOTAKBANK.NS', 'HDFCBANK.NS', 'ICICIBANK.NS', 'RELIANCE.NS', 'AXISBANK.NS', 'SBIN.NS'})",-0.04161636550280272,0.5,0.16666666666666666,0.0006666666666666666,-0.04228303216946939,Ridge,1.049215036468596,1.0625253861249317
2025-03-01,"frozenset({'SIEMENS.NS', 'VBL.NS', 'MPHASIS.NS', 'HAL.NS', 'INDUSINDBK.NS', 'ABB.NS'})","frozenset({'KOTAKBANK.NS', 'HDFCBANK.NS', 'CIPLA.NS', 'ICICIBANK.NS', 'RELIANCE.NS', 'AXISBANK.NS'})",-0.02112752008823733,0.3333333333333333,0.16666666666666666,0.0005,-0.02162752008823733,Ridge,1.0265231171904907,1.0400768596853152
2025-04-01,"frozenset({'SIEMENS.NS', 'VBL.NS', 'MPHASIS.NS', 'HAL.NS', 'INDUSINDBK.NS', 'ABB.NS'})","frozenset({'KOTAKBANK.NS', 'HDFCBANK.NS', 'CIPLA.NS', 'ICICIBANK.NS', 'RELIANCE.NS', 'AXISBANK.NS'})",0.05307256759837546,0.0,0.0,0.0,0.05307256759837546,Ridge,1.081003334718878,1.0952764091284701
2025-05-01,"frozenset({'SIEMENS.NS', 'COFORGE.NS', 'VBL.NS', 'HAL.NS', 'INDUSINDBK.NS', 'ABB.NS'})","frozenset({'LT.NS', 'HDFCBANK.NS', 'ICICIBANK.NS', 'RELIANCE.NS', 'AXISBANK.NS', 'SBIN.NS'})",0.0045176760759811745,0.16666666666666666,0.3333333333333333,0.0005,0.004017676075981174,Ridge,1.085346455954834,1.1002245131585764
2025-06-01,"frozenset({'SIEMENS.NS', 'VBL.NS', 'ABB.NS', 'HAL.NS', 'INDUSINDBK.NS', 'CHOLAFIN.NS'})","frozenset({'KOTAKBANK.NS', 'HDFCBANK.NS', 'CIPLA.NS', 'ICICIBANK.NS', 'RELIANCE.NS', 'AXISBANK.NS'})",-0.014380268336686652,0.16666666666666666,0.3333333333333333,0.0005,-0.014880268336686653,Ridge,1.0691962094519543,1.0844029894287555
2025-07-01,"frozenset({'IOC.NS', 'ZYDUSLIFE.NS', 'BAJAJ-AUTO.NS', 'ABB.NS', 'CHOLAFIN.NS', 'NESTLEIND.NS'})","frozenset({'HINDUNILVR.NS', 'MPHASIS.NS', 'APOLLOHOSP.NS', 'M&M.NS', 'VBL.NS', 'SBIN.NS'})",-0.006614108562630801,0.6666666666666666,1.0,0.0016666666666666666,-0.008280775229297467,Ridge,1.0603424359654658,1.0772306303310324
2025-08-01,"frozenset({'IOC.NS', 'SHRIRAMFIN.NS', 'POWERGRID.NS', 'ABB.NS', 'ONGC.NS', 'CHOLAFIN.NS'})","frozenset({'LT.NS', 'HINDUNILVR.NS', 'MARUTI.NS', 'HEROMOTOCO.NS', 'ADANIPORTS.NS', 'SBIN.NS'})",0.016692500584377788,0.5,0.6666666666666666,0.0011666666666666665,0.015525833917711122,Ridge,1.076805136522167,1.0952123032573429
2025-09-01,"frozenset({'VBL.NS', 'IOC.NS', 'HAL.NS', 'TRENT.NS', 'ABB.NS', 'GODREJCP.NS'})","frozenset({'INFY.NS', 'ADANIPORTS.NS', 'HINDALCO.NS', 'TATASTEEL.NS', 'HEROMOTOCO.NS', 'SBIN.NS'})",-0.03998706534693036,0.6666666666666666,0.5,0.0011666666666666665,-0.041153732013597025,Ridge,1.0324905865028688,1.0514179773182295
2025-10-01,"frozenset({'HDFCLIFE.NS', 'MARUTI.NS', 'INDUSINDBK.NS', 'TRENT.NS', 'ABB.NS', 'GODREJCP.NS'})","frozenset({'DIVISLAB.NS', 'HDFCBANK.NS', 'M&M.NS', 'AXISBANK.NS', 'SHRIRAMFIN.NS', 'INFY.NS'})",-0.04360309938431765,0.5,0.8333333333333334,0.0013333333333333335,-0.044936432717650986,Ridge,0.9860941427308746,1.0055728947587645
2025-11-01,"frozenset({'NTPC.NS', 'POWERGRID.NS', 'HAL.NS', 'TRENT.NS', 'INDUSINDBK.NS', 'ABB.NS'})","frozenset({'PERSISTENT.NS', 'HDFCBANK.NS', 'ASIANPAINT.NS', 'M&M.NS', 'SUNPHARMA.NS', 'INFY.NS'})",0.012025763478267337,0.5,0.5,0.001,0.011025763478267336,Ridge,0.99696658351593,1.01766567655129
2025-12-01,"frozenset({'SIEMENS.NS', 'COFORGE.NS', 'POWERGRID.NS', 'HAL.NS', 'TRENT.NS', 'ABB.NS'})","frozenset({'INFY.NS', 'KOTAKBANK.NS', 'HDFCBANK.NS', 'TECHM.NS', 'AXISBANK.NS', 'TCS.NS'})",-0.05790629953742622,0.3333333333333333,0.6666666666666666,0.001,-0.058906299537426224,Ridge,0.9382389713185362,0.9587364230559534
2026-01-01,"frozenset({'TATACONSUM.NS', 'MPHASIS.NS', 'HEROMOTOCO.NS', 'INDUSINDBK.NS', 'TRENT.NS', 'POWERGRID.NS'})","frozenset({'INFY.NS', 'HDFCBANK.NS', 'HCLTECH.NS', 'TCS.NS', 'AXISBANK.NS', 'SBIN.NS'})",0.10485901606745447,0.6666666666666666,0.3333333333333333,0.001,0.10385901606745447,Ridge,1.03568354771582,1.0592685810456315
2026-02-01,"frozenset({'WIPRO.NS', 'MARUTI.NS', 'HEROMOTOCO.NS', 'INDUSINDBK.NS', 'TVSMOTOR.NS', 'TRENT.NS'})","frozenset({'DIVISLAB.NS', 'HDFCBANK.NS', 'ICICIBANK.NS', 'SUNPHARMA.NS', 'POWERGRID.NS', 'AXISBANK.NS'})",-0.05269259344253048,0.5,0.6666666666666666,0.0011666666666666665,-0.05385926010919714,Ridge,0.9799023981285775,1.0034529723581478
2026-03-01,"frozenset({'COFORGE.NS', 'TRENT.NS', 'IOC.NS', 'HAL.NS', 'BPCL.NS', 'CHOLAFIN.NS'})","frozenset({'DRREDDY.NS', 'INFY.NS', 'ICICIBANK.NS', 'RELIANCE.NS', 'SUNPHARMA.NS', 'SBIN.NS'})",0.10276084813723979,0.8333333333333334,0.6666666666666666,0.0015,0.10126084813723979,Ridge,1.0791281460547926,1.1065686508635053
2026-04-01,"frozenset({'PERSISTENT.NS', 'IOC.NS', 'HCLTECH.NS', 'BPCL.NS', 'CHOLAFIN.NS', 'SHRIRAMFIN.NS'})","frozenset({'HINDUNILVR.NS', 'ICICIBANK.NS', 'RELIANCE.NS', 'HAL.NS', 'ITC.NS', 'VBL.NS'})",0.035250672852710684,0.5,0.6666666666666666,0.0011666666666666665,0.034084006186044014,Ridge,1.1159091564604584,1.14557594036416
2026-05-01,"frozenset({'INDUSINDBK.NS', 'TCS.NS', 'BPCL.NS', 'HCLTECH.NS', 'CHOLAFIN.NS', 'NESTLEIND.NS'})","frozenset({'COFORGE.NS', 'HDFCBANK.NS', 'CIPLA.NS', 'ICICIBANK.NS', 'TATASTEEL.NS', 'APOLLOHOSP.NS'})",-0.04454691037827067,0.5,0.8333333333333334,0.0013333333333333335,-0.045880243711604,Ridge,1.064710972402042,1.0945440716172548
2026-06-01,"frozenset({'PERSISTENT.NS', 'SIEMENS.NS', 'WIPRO.NS', 'INDUSINDBK.NS', 'HCLTECH.NS', 'NESTLEIND.NS'})","frozenset({'HDFCBANK.NS', 'CIPLA.NS', 'ICICIBANK.NS', 'ITC.NS', 'SUNPHARMA.NS', 'TRENT.NS'})",0.1530025054089853,0.5,0.5,0.001,0.1520025054089853,Ridge,1.2265497077435894,1.2620120568552464
2026-07-01,"frozenset({'BEL.NS', 'IOC.NS', 'ZYDUSLIFE.NS', 'VBL.NS', 'ONGC.NS', 'COALINDIA.NS'})","frozenset({'COFORGE.NS', 'ICICIBANK.NS', 'HAL.NS', 'TCS.NS', 'HCLTECH.NS', 'INFY.NS'})",-0.04528550048338037,1.0,0.8333333333333334,0.0018333333333333335,-0.0471188338167137,Ridge,1.1687561158964805,1.2048612092444964
2026-08-01,"frozenset({'VBL.NS', 'GODREJCP.NS', 'TRENT.NS', 'POWERGRID.NS', 'ONGC.NS', 'COALINDIA.NS'})","frozenset({'HDFCLIFE.NS', 'COFORGE.NS', 'KOTAKBANK.NS', 'ICICIBANK.NS', 'HAL.NS', 'AXISBANK.NS'})",0.012440672389983292,0.5,0.5,0.001,0.011440672389983291,Ridge,1.1821274717222416,1.2198504928241063
2023-10-01,"frozenset({'PERSISTENT.NS', 'ADANIPORTS.NS', 'TRENT.NS', 'ABB.NS', 'GODREJCP.NS', 'COALINDIA.NS'})","frozenset({'HDFCLIFE.NS', 'DIVISLAB.NS', 'WIPRO.NS', 'MPHASIS.NS', 'HINDALCO.NS', 'APOLLOHOSP.NS'})",-0.012537055705924005,1.0,1.0,0.002,-0.014537055705924005,RandomForest,0.985462944294076,0.987462944294076
2023-11-01,"frozenset({'PERSISTENT.NS', 'TITAN.NS', 'ZYDUSLIFE.NS', 'ADANIPORTS.NS', 'ABB.NS', 'GODREJCP.NS'})","frozenset({'HDFCLIFE.NS', 'DIVISLAB.NS', 'WIPRO.NS', 'HINDALCO.NS', 'HAL.NS', 'VBL.NS'})",0.01858665749975294,0.3333333333333333,0.3333333333333333,0.0006666666666666666,0.017919990833086274,RandomForest,1.003122431222172,1.0058165798333676
2023-12-01,"frozenset({'ADANIPORTS.NS', 'IOC.NS', 'SHRIRAMFIN.NS', 'TRENT.NS', 'ULTRACEMCO.NS', 'COALINDIA.NS'})","frozenset({'WIPRO.NS', 'JSWSTEEL.NS', 'HAL.NS', 'TECHM.NS', 'VBL.NS', 'SBIN.NS'})",0.07893749717416887,0.8333333333333334,0.5,0.0013333333333333335,0.07760416384083553,RandomForest,1.0809689087271548,1.0852132232616962
2024-01-01,"frozenset({'BEL.NS', 'LT.NS', 'TRENT.NS', 'ZYDUSLIFE.NS', 'ADANIPORTS.NS', 'COALINDIA.NS'})","frozenset({'HDFCLIFE.NS', 'DIVISLAB.NS', 'HDFCBANK.NS', 'ASIANPAINT.NS', 'JSWSTEEL.NS', 'EICHERMOT.NS'})",0.15749034418087143,0.5,0.8333333333333334,0.0013333333333333335,0.1561570108475381,RandomForest,1.2497697823331124,1.2561238273028137
2024-02-01,"frozenset({'BEL.NS', 'TRENT.NS', 'ZYDUSLIFE.NS', 'BPCL.NS', 'POWERGRID.NS', 'ONGC.NS'})","frozenset({'KOTAKBANK.NS', 'HDFCBANK.NS', 'BRITANNIA.NS', 'EICHERMOT.NS', 'HINDALCO.NS', 'CHOLAFIN.NS'})",-0.041541353864372424,0.5,0.6666666666666666,0.0011666666666666665,-0.04270802053103909,RandomForest,1.1963945888101577,1.2039427428953577
2024-03-01,"frozenset({'BEL.NS', 'IOC.NS', 'ZYDUSLIFE.NS', 'TRENT.NS', 'ABB.NS', 'COALINDIA.NS'})","frozenset({'DIVISLAB.NS', 'COFORGE.NS', 'HDFCBANK.NS', 'MPHASIS.NS', 'JSWSTEEL.NS', 'INFY.NS'})",0.030957923531225635,0.5,0.8333333333333334,0.0013333333333333335,0.029624590197892302,RandomForest,1.2318372882186344,1.2412143102658864
2024-04-01,"frozenset({'BEL.NS', 'TRENT.NS', 'IOC.NS', 'ZYDUSLIFE.NS', 'BPCL.NS', 'ABB.NS'})","frozenset({'PERSISTENT.NS', 'HDFCBANK.NS', 'ASIANPAINT.NS', 'BRITANNIA.NS', 'JSWSTEEL.NS', 'HCLTECH.NS'})",0.08680725629859787,0.16666666666666666,0.6666666666666666,0.0008333333333333333,0.08597392296526453,RandomForest,1.3377431723416835,1.3489607190186244
2024-05-01,"frozenset({'BEL.NS', 'SIEMENS.NS', 'HAL.NS', 'ZYDUSLIFE.NS', 'TRENT.NS', 'ABB.NS'})","frozenset({'DRREDDY.NS', 'HDFCBANK.NS', 'ASIANPAINT.NS', 'TITAN.NS', 'SHRIRAMFIN.NS', 'NESTLEIND.NS'})",-0.01777838609384781,0.3333333333333333,0.6666666666666666,0.001,-0.018778386093847813,RandomForest,1.3126225145570425,1.3249783745304766
2024-06-01,"frozenset({'BEL.NS', 'SIEMENS.NS', 'HAL.NS', 'TRENT.NS', 'ABB.NS', 'COALINDIA.NS'})","frozenset({'HDFCBANK.NS', 'ASIANPAINT.NS', 'WIPRO.NS', 'MPHASIS.NS', 'ITC.NS', 'CHOLAFIN.NS'})",-0.06697000751835329,0.16666666666666666,0.6666666666666666,0.0008333333333333333,-0.06780334085168663,RandomForest,1.2236223227929335,1.236244562826515
2024-07-01,"frozenset({'BEL.NS', 'HAL.NS', 'M&M.NS', 'ZYDUSLIFE.NS', 'TRENT.NS', 'COALINDIA.NS'})","frozenset({'JSWSTEEL.NS', 'HDFCBANK.NS', 'APOLLOHOSP.NS', 'BAJFINANCE.NS', 'CHOLAFIN.NS', 'NESTLEIND.NS'})",-0.027631118799730736,0.3333333333333333,0.6666666666666666,0.001,-0.028631118799730737,RandomForest,1.1885886467030464,1.2020857424455345
2024-08-01,"frozenset({'BEL.NS', 'TRENT.NS', 'HAL.NS', 'BPCL.NS', 'ABB.NS', 'ONGC.NS'})","frozenset({'COFORGE.NS', 'KOTAKBANK.NS', 'TATASTEEL.NS', 'BAJFINANCE.NS', 'CHOLAFIN.NS', 'NESTLEIND.NS'})",-0.09937110957919384,0.5,0.5,0.001,-0.10037110957919385,RandomForest,1.0692886854002293,1.0826331484093927
2024-09-01,"frozenset({'BEL.NS', 'DIVISLAB.NS', 'ZYDUSLIFE.NS', 'TVSMOTOR.NS', 'TRENT.NS', 'SHRIRAMFIN.NS'})","frozenset({'KOTAKBANK.NS', 'HDFCBANK.NS', 'BAJFINANCE.NS', 'RELIANCE.NS', 'AXISBANK.NS', 'ULTRACEMCO.NS'})",0.01733212967616806,0.6666666666666666,0.6666666666666666,0.0013333333333333333,0.01599879634283473,RandomForest,1.086396017309645,1.1013974865293426
2024-10-01,"frozenset({'DIVISLAB.NS', 'COFORGE.NS', 'TRENT.NS', 'INDUSINDBK.NS', 'ZYDUSLIFE.NS', 'ADANIPORTS.NS'})","frozenset({'TATACONSUM.NS', 'ASIANPAINT.NS', 'TVSMOTOR.NS', 'BPCL.NS', 'SHRIRAMFIN.NS', 'NESTLEIND.NS'})",0.039820471847791174,0.5,1.0,0.0015,0.03832047184779117,RandomForest,1.1280272253065118,1.1452556541349124
2024-11-01,"frozenset({'DIVISLAB.NS', 'COFORGE.NS', 'PERSISTENT.NS', 'INDUSINDBK.NS', 'TRENT.NS', 'ABB.NS'})","frozenset({'SBILIFE.NS', 'NTPC.NS', 'ASIANPAINT.NS', 'BRITANNIA.NS', 'ADANIPORTS.NS', 'BAJAJFINSV.NS'})",0.05719053456628931,0.3333333333333333,0.8333333333333334,0.0011666666666666668,0.05602386789962264,RandomForest,1.1912236735642616,1.2107534372099533
2024-12-01,"frozenset({'DIVISLAB.NS', 'COFORGE.NS', 'CIPLA.NS', 'INDUSINDBK.NS', 'BAJAJ-AUTO.NS', 'CHOLAFIN.NS'})","frozenset({'SIEMENS.NS', 'ONGC.NS', 'ASIANPAINT.NS', 'HINDUNILVR.NS', 'HEROMOTOCO.NS', 'GODREJCP.NS'})",-0.052905929927531035,0.5,0.8333333333333334,0.0013333333333333335,-0.05423926326086437,RandomForest,1.1266125791312356,1.1466974007014061
2025-01-01,"frozenset({'ASIANPAINT.NS', 'IOC.NS', 'INDUSINDBK.NS', 'ZYDUSLIFE.NS', 'ADANIPORTS.NS', 'GODREJCP.NS'})","frozenset({'BEL.NS', 'DRREDDY.NS', 'COFORGE.NS', 'HAL.NS', 'TRENT.NS', 'VBL.NS'})",0.08511961081944767,0.8333333333333334,1.0,0.0018333333333333335,0.08328627748611434,RandomForest,1.2204439470161066,1.244303837176782
2025-02-01,"frozenset({'SIEMENS.NS', 'VBL.NS', 'HAL.NS', 'INDUSINDBK.NS', 'TRENT.NS', 'ABB.NS'})","frozenset({'PERSISTENT.NS', 'COFORGE.NS', 'BEL.NS', 'M&M.NS', 'ULTRACEMCO.NS', 'TCS.NS'})",0.005785855487258823,0.8333333333333334,0.6666666666666666,0.0015,0.0042858554872588234,RandomForest,1.2256745934033175,1.2515031993609285
2025-03-01,"frozenset({'SIEMENS.NS', 'ASIANPAINT.NS', 'HEROMOTOCO.NS', 'INDUSINDBK.NS', 'ZYDUSLIFE.NS', 'ABB.NS'})","frozenset({'BEL.NS', 'HINDUNILVR.NS', 'HAL.NS', 'M&M.NS', 'SHRIRAMFIN.NS', 'INFY.NS'})",0.024922471982449294,0.5,0.6666666666666666,0.0011666666666666665,0.023755805315782627,RandomForest,1.2547914804247078,1.2826937527829467
2025-04-01,"frozenset({'SIEMENS.NS', 'TATASTEEL.NS', 'INDUSINDBK.NS', 'ZYDUSLIFE.NS', 'ABB.NS', 'COALINDIA.NS'})","frozenset({'DIVISLAB.NS', 'COFORGE.NS', 'BEL.NS', 'HINDUNILVR.NS', 'TRENT.NS', 'SHRIRAMFIN.NS'})",-0.03460586123230226,0.3333333333333333,0.5,0.0008333333333333333,-0.035439194565635594,RandomForest,1.2103226810106347,1.2383050307705992
2025-05-01,"frozenset({'SIEMENS.NS', 'HAL.NS', 'HINDALCO.NS', 'INDUSINDBK.NS', 'HEROMOTOCO.NS', 'VBL.NS'})","frozenset({'INFY.NS', 'ASIANPAINT.NS', 'HINDUNILVR.NS', 'TITAN.NS', 'TRENT.NS', 'NESTLEIND.NS'})",-0.02450157407656628,0.6666666666666666,0.6666666666666666,0.0013333333333333333,-0.02583490740989961,RandomForest,1.1790541066106235,1.2079646083297886
2025-06-01,"frozenset({'SIEMENS.NS', 'VBL.NS', 'GODREJCP.NS', 'HAL.NS', 'INDUSINDBK.NS', 'ABB.NS'})","frozenset({'ASIANPAINT.NS', 'WIPRO.NS', 'TITAN.NS', 'TRENT.NS', 'BAJFINANCE.NS', 'BAJAJ-AUTO.NS'})",0.05124515918157965,0.3333333333333333,0.5,0.0008333333333333333,0.05041182584824632,RandomForest,1.2384923768987377,1.269866946969363
2025-07-01,"frozenset({'INFY.NS', 'INDUSINDBK.NS', 'TRENT.NS', 'ABB.NS', 'GODREJCP.NS', 'TCS.NS'})","frozenset({'BEL.NS', 'COFORGE.NS', 'PERSISTENT.NS', 'HDFCBANK.NS', 'ITC.NS', 'HCLTECH.NS'})",-0.006408352295717696,0.5,1.0,0.0015,-0.007908352295717696,RandomForest,1.2286979428666616,1.261729192204496
2025-08-01,"frozenset({'SIEMENS.NS', 'TVSMOTOR.NS', 'INDUSINDBK.NS', 'ZYDUSLIFE.NS', 'TRENT.NS', 'TCS.NS'})","frozenset({'BEL.NS', 'HINDUNILVR.NS', 'M&M.NS', 'ADANIPORTS.NS', 'HAL.NS', 'BPCL.NS'})",-0.0818356161266648,0.5,0.8333333333333334,0.0013333333333333335,-0.08316894945999814,RandomForest,1.1265084257547806,1.158474806375442
2025-09-01,"frozenset({'SIEMENS.NS', 'MARUTI.NS', 'HEROMOTOCO.NS', 'INDUSINDBK.NS', 'TVSMOTOR.NS', 'TRENT.NS'})","frozenset({'DIVISLAB.NS', 'COFORGE.NS', 'ASIANPAINT.NS', 'TITAN.NS', 'VBL.NS', 'TCS.NS'})",-0.0816443469765708,0.3333333333333333,1.0,0.0013333333333333333,-0.08297768030990414,RandomForest,1.033033369736087,1.0638918873201098
2025-10-01,"frozenset({'SIEMENS.NS', 'HEROMOTOCO.NS', 'EICHERMOT.NS', 'INDUSINDBK.NS', 'TVSMOTOR.NS', 'TRENT.NS'})","frozenset({'LT.NS', 'KOTAKBANK.NS', 'RELIANCE.NS', 'M&M.NS', 'ITC.NS', 'TCS.NS'})",0.006242400545110844,0.16666666666666666,0.8333333333333334,0.001,0.005242400545110844,RandomForest,1.038448944436709,1.0705331266174558
2025-11-01,"frozenset({'SIEMENS.NS', 'HEROMOTOCO.NS', 'EICHERMOT.NS', 'INDUSINDBK.NS', 'ZYDUSLIFE.NS', 'TRENT.NS'})","frozenset({'LT.NS', 'BEL.NS', 'HDFCBANK.NS', 'ICICIBANK.NS', 'TATASTEEL.NS', 'M&M.NS'})",-0.01666825007356713,0.16666666666666666,0.6666666666666666,0.0008333333333333333,-0.017501583406900462,RandomForest,1.0202744436218423,1.0526892127509584
2025-12-01,"frozenset({'SIEMENS.NS', 'TVSMOTOR.NS', 'INDUSINDBK.NS', 'ZYDUSLIFE.NS', 'ABB.NS', 'SHRIRAMFIN.NS'})","frozenset({'LT.NS', 'COFORGE.NS', 'HINDUNILVR.NS', 'BAJFINANCE.NS', 'RELIANCE.NS', 'SUNPHARMA.NS'})",0.06101103312390961,0.5,0.8333333333333334,0.0013333333333333335,0.05967769979057628,RandomForest,1.081162075572304,1.1169148691792894
2026-01-01,"frozenset({'SIEMENS.NS', 'HINDALCO.NS', 'INDUSINDBK.NS', 'ZYDUSLIFE.NS', 'TRENT.NS', 'SHRIRAMFIN.NS'})","frozenset({'ASIANPAINT.NS', 'CIPLA.NS', 'MARUTI.NS', 'RELIANCE.NS', 'ITC.NS', 'VBL.NS'})",0.04915481320606881,0.3333333333333333,0.8333333333333334,0.0011666666666666668,0.04798814653940214,RandomForest,1.1330450396877119,1.171816610940878
2026-02-01,"frozenset({'COFORGE.NS', 'IOC.NS', 'INDUSINDBK.NS', 'ZYDUSLIFE.NS', 'TRENT.NS', 'SHRIRAMFIN.NS'})","frozenset({'PERSISTENT.NS', 'MPHASIS.NS', 'HAL.NS', 'TCS.NS', 'HCLTECH.NS', 'INFY.NS'})",-0.09691741353378705,0.3333333333333333,1.0,0.0013333333333333333,-0.09825074686712039,RandomForest,1.0217225183043082,1.0582471758725602
2026-03-01,"frozenset({'COFORGE.NS', 'HDFCBANK.NS', 'TRENT.NS', 'IOC.NS', 'ITC.NS', 'BPCL.NS'})","frozenset({'GODREJCP.NS', 'EICHERMOT.NS', 'BAJFINANCE.NS', 'INDUSINDBK.NS', 'VBL.NS', 'ULTRACEMCO.NS'})",-0.06140045760300365,0.5,1.0,0.0015,-0.06290045760300365,RandomForest,0.9574557043596739,0.9932703150168988
2026-04-01,"frozenset({'COFORGE.NS', 'TRENT.NS', 'IOC.NS', 'BPCL.NS', 'HCLTECH.NS', 'INFY.NS'})","frozenset({'BEL.NS', 'KOTAKBANK.NS', 'MARUTI.NS', 'INDUSINDBK.NS', 'M&M.NS', 'AXISBANK.NS'})",0.036530483032604144,0.3333333333333333,0.8333333333333334,0.0011666666666666668,0.035363816365937474,RandomForest,0.9913149920671688,1.0295549594064128
2026-05-01,"frozenset({'COFORGE.NS', 'HDFCBANK.NS', 'TRENT.NS', 'IOC.NS', 'BPCL.NS', 'INFY.NS'})","frozenset({'KOTAKBANK.NS', 'MARUTI.NS', 'BAJFINANCE.NS', 'INDUSINDBK.NS', 'M&M.NS', 'AXISBANK.NS'})",-0.015823946839625274,0.16666666666666666,0.16666666666666666,0.0003333333333333333,-0.01615728017295861,RandomForest,0.9752980380006853,1.0132633364602932
2026-06-01,"frozenset({'PERSISTENT.NS', 'COFORGE.NS', 'WIPRO.NS', 'TRENT.NS', 'IOC.NS', 'BPCL.NS'})","frozenset({'KOTAKBANK.NS', 'AXISBANK.NS', 'BAJFINANCE.NS', 'HAL.NS', 'INDUSINDBK.NS', 'GODREJCP.NS'})",0.04433611529587576,0.3333333333333333,0.3333333333333333,0.0006666666666666666,0.04366944862920909,RandomForest,1.0178887655693245,1.0581874965706803
2026-07-01,"frozenset({'PERSISTENT.NS', 'COFORGE.NS', 'TRENT.NS', 'IOC.NS', 'BPCL.NS', 'INFY.NS'})","frozenset({'HINDUNILVR.NS', 'MARUTI.NS', 'RELIANCE.NS', 'INDUSINDBK.NS', 'ITC.NS', 'SBIN.NS'})",0.05359831706475963,0.16666666666666666,0.8333333333333334,0.001,0.05259831706475963,RandomForest,1.0714280015973967,1.1149045655258398
2026-08-01,"frozenset({'PERSISTENT.NS', 'COFORGE.NS', 'TRENT.NS', 'IOC.NS', 'ZYDUSLIFE.NS', 'BPCL.NS'})","frozenset({'ONGC.NS', 'INFY.NS', 'INDUSINDBK.NS', 'ITC.NS', 'GODREJCP.NS', 'TCS.NS'})",-0.008777855608368506,0.16666666666666666,0.6666666666666666,0.0008333333333333333,-0.00961118894170184,RandomForest,1.061130304636614,1.1051180942325431
2023-10-01,"frozenset({'VBL.NS', 'TRENT.NS', 'BAJAJ-AUTO.NS', 'ADANIPORTS.NS', 'ABB.NS', 'COALINDIA.NS'})","frozenset({'TATACONSUM.NS', 'DIVISLAB.NS', 'WIPRO.NS', 'JSWSTEEL.NS', 'HAL.NS', 'SBIN.NS'})",0.047507128882650615,1.0,1.0,0.002,0.04550712888265061,XGBoost,1.0455071288826505,1.0475071288826505
2023-11-01,"frozenset({'COFORGE.NS', 'ZYDUSLIFE.NS', 'ADANIPORTS.NS', 'ABB.NS', 'CHOLAFIN.NS', 'COALINDIA.NS'})","frozenset({'HDFCLIFE.NS', 'DIVISLAB.NS', 'JSWSTEEL.NS', 'WIPRO.NS', 'EICHERMOT.NS', 'SUNPHARMA.NS'})",0.06632177466105205,0.5,0.5,0.001,0.06532177466105205,XGBoost,1.1138015099620466,1.1169796606402513
2023-12-01,"frozenset({'COFORGE.NS', 'TVSMOTOR.NS', 'ADANIPORTS.NS', 'ABB.NS', 'CHOLAFIN.NS', 'COALINDIA.NS'})","frozenset({'ASIANPAINT.NS', 'WIPRO.NS', 'TATASTEEL.NS', 'JSWSTEEL.NS', 'TECHM.NS', 'SBIN.NS'})",0.05783512497794441,0.16666666666666666,0.6666666666666666,0.0008333333333333333,0.057001791644611076,XGBoost,1.1772901915663565,1.1815803189112022
2024-01-01,"frozenset({'BEL.NS', 'BPCL.NS', 'HEROMOTOCO.NS', 'BAJAJ-AUTO.NS', 'ADANIPORTS.NS', 'HCLTECH.NS'})","frozenset({'SIEMENS.NS', 'HDFCBANK.NS', 'ASIANPAINT.NS', 'SBIN.NS', 'TECHM.NS', 'TCS.NS'})",0.03816475124500805,0.8333333333333334,0.5,0.0013333333333333335,0.03683141791167472,XGBoost,1.2206514586152526,1.2266750378584454
2024-02-01,"frozenset({'BEL.NS', 'BPCL.NS', 'HEROMOTOCO.NS', 'BAJAJ-AUTO.NS', 'ADANIPORTS.NS', 'ABB.NS'})","frozenset({'SIEMENS.NS', 'KOTAKBANK.NS', 'HINDALCO.NS', 'JSWSTEEL.NS', 'TECHM.NS', 'INFY.NS'})",0.026958860872896492,0.16666666666666666,0.6666666666666666,0.0008333333333333333,0.02612552753956316,XGBoost,1.2525416219135133,1.2597447995403264
2024-03-01,"frozenset({'BEL.NS', 'IOC.NS', 'HAL.NS', 'ZYDUSLIFE.NS', 'TRENT.NS', 'COALINDIA.NS'})","frozenset({'DIVISLAB.NS', 'COFORGE.NS', 'HDFCBANK.NS', 'MPHASIS.NS', 'BRITANNIA.NS', 'EICHERMOT.NS'})",0.03935655087679701,0.8333333333333334,1.0,0.0018333333333333335,0.037523217543463674,XGBoost,1.299541013674817,1.3093240098352157
2024-04-01,"frozenset({'BEL.NS', 'HEROMOTOCO.NS', 'BAJAJ-AUTO.NS', 'HAL.NS', 'BPCL.NS', 'ABB.NS'})","frozenset({'PERSISTENT.NS', 'COFORGE.NS', 'MPHASIS.NS', 'TITAN.NS', 'MARUTI.NS', 'ULTRACEMCO.NS'})",0.19060281177014982,0.6666666666666666,0.6666666666666666,0.0013333333333333333,0.1892694784368165,XGBoost,1.5455044635403012,1.5588848476279753
2024-05-01,"frozenset({'BEL.NS', 'SIEMENS.NS', 'HAL.NS', 'ZYDUSLIFE.NS', 'TRENT.NS', 'ABB.NS'})","frozenset({'HDFCLIFE.NS', 'DRREDDY.NS', 'ASIANPAINT.NS', 'WIPRO.NS', 'JSWSTEEL.NS', 'NESTLEIND.NS'})",-0.005937264575298265,0.5,1.0,0.0015,-0.007437264575298265,XGBoost,1.5340101379426476,1.5496293358451845
2024-06-01,"frozenset({'BEL.NS', 'ADANIPORTS.NS', 'HEROMOTOCO.NS', 'HAL.NS', 'BPCL.NS', 'ABB.NS'})","frozenset({'SBILIFE.NS', 'WIPRO.NS', 'INDUSINDBK.NS', 'TECHM.NS', 'ITC.NS', 'TCS.NS'})",-0.07782619130720299,0.5,0.8333333333333334,0.0013333333333333335,-0.07915952464053633,XGBoost,1.4125786246293441,1.4290275866984432
2024-07-01,"frozenset({'BEL.NS', 'TRENT.NS', 'IOC.NS', 'HAL.NS', 'ZYDUSLIFE.NS', 'HEROMOTOCO.NS'})","frozenset({'HDFCBANK.NS', 'RELIANCE.NS', 'BAJFINANCE.NS', 'INDUSINDBK.NS', 'BAJAJFINSV.NS', 'NESTLEIND.NS'})",-0.027379755295671233,0.5,0.8333333333333334,0.0013333333333333335,-0.028713088629004565,XGBoost,1.3720191293849244,1.389901161063876
2024-08-01,"frozenset({'BEL.NS', 'DIVISLAB.NS', 'TRENT.NS', 'HAL.NS', 'BPCL.NS', 'ABB.NS'})","frozenset({'COFORGE.NS', 'KOTAKBANK.NS', 'TATASTEEL.NS', 'BAJFINANCE.NS', 'INDUSINDBK.NS', 'CHOLAFIN.NS'})",-0.06123708288516146,0.5,0.6666666666666666,0.0011666666666666665,-0.06240374955182813,XGBoost,1.2863999912544704,1.3047876684616253
2024-09-01,"frozenset({'BEL.NS', 'DIVISLAB.NS', 'ZYDUSLIFE.NS', 'TVSMOTOR.NS', 'TRENT.NS', 'SHRIRAMFIN.NS'})","frozenset({'LT.NS', 'KOTAKBANK.NS', 'GODREJCP.NS', 'TATASTEEL.NS', 'ULTRACEMCO.NS', 'SBIN.NS'})",0.001891059991398901,0.5,0.6666666666666666,0.0011666666666666665,0.0007243933247322344,XGBoost,1.2873318508210707,1.3072551002187236
2024-10-01,"frozenset({'DIVISLAB.NS', 'PERSISTENT.NS', 'TECHM.NS', 'INDUSINDBK.NS', 'ZYDUSLIFE.NS', 'TRENT.NS'})","frozenset({'TATACONSUM.NS', 'TITAN.NS', 'MARUTI.NS', 'TATASTEEL.NS', 'BPCL.NS', 'NESTLEIND.NS'})",0.037043389855791364,0.5,0.8333333333333334,0.0013333333333333335,0.03571005652245803,XGBoost,1.3333025439770516,1.3556802605370974
2024-11-01,"frozenset({'PERSISTENT.NS', 'SIEMENS.NS', 'COFORGE.NS', 'INDUSINDBK.NS', 'ZYDUSLIFE.NS', 'TRENT.NS'})","frozenset({'HDFCLIFE.NS', 'NTPC.NS', 'ASIANPAINT.NS', 'BRITANNIA.NS', 'BAJAJ-AUTO.NS', 'ADANIPORTS.NS'})",0.056929651954965986,0.3333333333333333,1.0,0.0013333333333333333,0.055596318621632654,XGBoost,1.4074292570310332,1.432858665931692
2024-12-01,"frozenset({'PERSISTENT.NS', 'COFORGE.NS', 'DIVISLAB.NS', 'CIPLA.NS', 'INDUSINDBK.NS', 'TRENT.NS'})","frozenset({'HDFCLIFE.NS', 'SIEMENS.NS', 'ONGC.NS', 'ASIANPAINT.NS', 'HEROMOTOCO.NS', 'GODREJCP.NS'})",-0.10589524676667701,0.3333333333333333,0.6666666666666666,0.001,-0.10689524676667701,XGBoost,1.25698175929406,1.2811257439210837
2025-01-01,"frozenset({'PERSISTENT.NS', 'ASIANPAINT.NS', 'MPHASIS.NS', 'INDUSINDBK.NS', 'ZYDUSLIFE.NS', 'GODREJCP.NS'})","frozenset({'BEL.NS', 'COFORGE.NS', 'WIPRO.NS', 'HAL.NS', 'TRENT.NS', 'ABB.NS'})",0.05278665908230128,0.6666666666666666,1.0,0.0016666666666666666,0.05111999241563461,XGBoost,1.3212386572957635,1.3487520918070055
2025-02-01,"frozenset({'LT.NS', 'SIEMENS.NS', 'INDUSINDBK.NS', 'ADANIPORTS.NS', 'ABB.NS', 'CHOLAFIN.NS'})","frozenset({'BEL.NS', 'TITAN.NS', 'M&M.NS', 'POWERGRID.NS', 'ULTRACEMCO.NS', 'TCS.NS'})",-0.06167056265981933,0.8333333333333334,0.8333333333333334,0.0016666666666666668,-0.063337229326486,XGBoost,1.2375550614636033,1.2655737914166592
2025-03-01,"frozenset({'SIEMENS.NS', 'VBL.NS', 'INDUSINDBK.NS', 'POWERGRID.NS', 'ABB.NS', 'CHOLAFIN.NS'})","frozenset({'BEL.NS', 'KOTAKBANK.NS', 'TATASTEEL.NS', 'M&M.NS', 'ITC.NS', 'SHRIRAMFIN.NS'})",0.03240294952463291,0.3333333333333333,0.6666666666666666,0.001,0.031402949524632906,XGBoost,1.2764179405926988,1.3065821150996315
2025-04-01,"frozenset({'SIEMENS.NS', 'VBL.NS', 'HAL.NS', 'TATASTEEL.NS', 'INDUSINDBK.NS', 'ABB.NS'})","frozenset({'DIVISLAB.NS', 'KOTAKBANK.NS', 'RELIANCE.NS', 'M&M.NS', 'TRENT.NS', 'ULTRACEMCO.NS'})",0.04166966954108544,0.3333333333333333,0.6666666666666666,0.001,0.04066966954108544,XGBoost,1.3283294364329168,1.3610269600641256
2025-05-01,"frozenset({'PERSISTENT.NS', 'SIEMENS.NS', 'HINDALCO.NS', 'INDUSINDBK.NS', 'VBL.NS', 'COALINDIA.NS'})","frozenset({'ASIANPAINT.NS', 'TITAN.NS', 'BAJFINANCE.NS', 'RELIANCE.NS', 'TRENT.NS', 'AXISBANK.NS'})",-0.015329542656887556,0.5,0.6666666666666666,0.0011666666666666665,-0.016496209323554223,XGBoost,1.3064170359988805,1.3401630392226487
2025-06-01,"frozenset({'HAL.NS', 'HEROMOTOCO.NS', 'INDUSINDBK.NS', 'ZYDUSLIFE.NS', 'VBL.NS', 'GODREJCP.NS'})","frozenset({'DIVISLAB.NS', 'ASIANPAINT.NS', 'TITAN.NS', 'BRITANNIA.NS', 'RELIANCE.NS', 'TRENT.NS'})",0.07386348036097705,0.6666666666666666,0.3333333333333333,0.001,0.07286348036097705,XGBoost,1.401607128044631,1.439152145550778
2025-07-01,"frozenset({'HAL.NS', 'TRENT.NS', 'INDUSINDBK.NS', 'ZYDUSLIFE.NS', 'ITC.NS', 'TCS.NS'})","frozenset({'BEL.NS', 'PERSISTENT.NS', 'HINDUNILVR.NS', 'ASIANPAINT.NS', 'TECHM.NS', 'HCLTECH.NS'})",-0.023590164906306187,0.5,0.8333333333333334,0.0013333333333333335,-0.02492349823963952,XGBoost,1.3666741752561442,1.405202309111971
2025-08-01,"frozenset({'SIEMENS.NS', 'MPHASIS.NS', 'INDUSINDBK.NS', 'ZYDUSLIFE.NS', 'TRENT.NS', 'GODREJCP.NS'})","frozenset({'DIVISLAB.NS', 'BEL.NS', 'KOTAKBANK.NS', 'HINDUNILVR.NS', 'MARUTI.NS', 'M&M.NS'})",-0.05783704415664011,0.5,0.6666666666666666,0.0011666666666666665,-0.05900371082330677,XGBoost,1.2860353274296494,1.3239295611108493
2025-09-01,"frozenset({'SIEMENS.NS', 'HEROMOTOCO.NS', 'EICHERMOT.NS', 'INDUSINDBK.NS', 'ZYDUSLIFE.NS', 'TRENT.NS'})","frozenset({'COFORGE.NS', 'KOTAKBANK.NS', 'ASIANPAINT.NS', 'M&M.NS', 'TCS.NS', 'SBIN.NS'})",-0.0530585308585359,0.3333333333333333,0.6666666666666666,0.001,-0.0540585308585359,XGBoost,1.2165141469966263,1.2536838036381215
2025-10-01,"frozenset({'SIEMENS.NS', 'HEROMOTOCO.NS', 'EICHERMOT.NS', 'INDUSINDBK.NS', 'TVSMOTOR.NS', 'TRENT.NS'})","frozenset({'LT.NS', 'BEL.NS', 'HINDUNILVR.NS', 'ICICIBANK.NS', 'RELIANCE.NS', 'AXISBANK.NS'})",0.011358982076257185,0.16666666666666666,1.0,0.0011666666666666668,0.010192315409590518,XGBoost,1.2289132428830447,1.2679243754929408
2025-11-01,"frozenset({'SIEMENS.NS', 'HAL.NS', 'HEROMOTOCO.NS', 'EICHERMOT.NS', 'INDUSINDBK.NS', 'TRENT.NS'})","frozenset({'LT.NS', 'BEL.NS', 'TATASTEEL.NS', 'RELIANCE.NS', 'AXISBANK.NS', 'SBIN.NS'})",-0.027196153240483616,0.16666666666666666,0.3333333333333333,0.0005,-0.027696153240483617,XGBoost,1.1948770733888963,1.2334417098796904
2025-12-01,"frozenset({'DRREDDY.NS', 'ASIANPAINT.NS', 'MPHASIS.NS', 'IOC.NS', 'INDUSINDBK.NS', 'SHRIRAMFIN.NS'})","frozenset({'LT.NS', 'COFORGE.NS', 'KOTAKBANK.NS', 'RELIANCE.NS', 'AXISBANK.NS', 'SBIN.NS'})",-0.01443731463977723,0.8333333333333334,0.3333333333333333,0.0011666666666666668,-0.015603981306443896,XGBoost,1.1762322338722375,1.2156341238243324
2026-01-01,"frozenset({'HINDALCO.NS', 'INDUSINDBK.NS', 'SHRIRAMFIN.NS', 'TRENT.NS', 'ONGC.NS', 'ZYDUSLIFE.NS'})","frozenset({'ASIANPAINT.NS', 'CIPLA.NS', 'MARUTI.NS', 'RELIANCE.NS', 'SUNPHARMA.NS', 'ITC.NS'})",0.019833608766821238,0.6666666666666666,0.8333333333333334,0.0015,0.018333608766821236,XGBoost,1.1977968154669754,1.2397445354398617
2026-02-01,"frozenset({'PERSISTENT.NS', 'COFORGE.NS', 'IOC.NS', 'EICHERMOT.NS', 'INDUSINDBK.NS', 'ITC.NS'})","frozenset({'TCS.NS', 'HAL.NS', 'TECHM.NS', 'TRENT.NS', 'HCLTECH.NS', 'INFY.NS'})",-0.058307488185884354,0.8333333333333334,1.0,0.0018333333333333335,-0.06014082151921769,XGBoost,1.1257603309716886,1.1674581455861872
2026-03-01,"frozenset({'COFORGE.NS', 'HDFCBANK.NS', 'TRENT.NS', 'IOC.NS', 'ITC.NS', 'BPCL.NS'})","frozenset({'ICICIBANK.NS', 'INDUSINDBK.NS', 'BAJAJFINSV.NS', 'AXISBANK.NS', 'ULTRACEMCO.NS', 'TCS.NS'})",0.007439316176017119,0.5,0.8333333333333334,0.0013333333333333335,0.006105982842683785,XGBoost,1.1326342042375757,1.1761432358534696
2026-04-01,"frozenset({'COFORGE.NS', 'MPHASIS.NS', 'IOC.NS', 'ITC.NS', 'TRENT.NS', 'TCS.NS'})","frozenset({'PERSISTENT.NS', 'TITAN.NS', 'MARUTI.NS', 'BAJFINANCE.NS', 'M&M.NS', 'SHRIRAMFIN.NS'})",0.015435935524130324,0.3333333333333333,1.0,0.0013333333333333333,0.01410260219079699,XGBoost,1.1486072938476282,1.1942981070092455
2026-05-01,"frozenset({'HDFCLIFE.NS', 'INFY.NS', 'HDFCBANK.NS', 'ITC.NS', 'TRENT.NS', 'TCS.NS'})","frozenset({'NTPC.NS', 'MARUTI.NS', 'IOC.NS', 'INDUSINDBK.NS', 'M&M.NS', 'POWERGRID.NS'})",0.002001432221773107,0.5,0.6666666666666666,0.0011666666666666665,0.0008347655551064403,XGBoost,1.1495661116528761,1.1966884137230165
2026-06-01,"frozenset({'PERSISTENT.NS', 'COFORGE.NS', 'WIPRO.NS', 'MPHASIS.NS', 'TRENT.NS', 'BPCL.NS'})","frozenset({'SIEMENS.NS', 'MARUTI.NS', 'IOC.NS', 'BAJFINANCE.NS', 'INDUSINDBK.NS', 'APOLLOHOSP.NS'})",0.05151229283796147,0.8333333333333334,0.5,0.0013333333333333335,0.05017895950462814,XGBoost,1.2072501430173985,1.258332577726512
2026-07-01,"frozenset({'HDFCLIFE.NS', 'PERSISTENT.NS', 'COFORGE.NS', 'TRENT.NS', 'BPCL.NS', 'INFY.NS'})","frozenset({'IOC.NS', 'INDUSINDBK.NS', 'ITC.NS', 'VBL.NS', 'GODREJCP.NS', 'TCS.NS'})",0.07479944448385378,0.3333333333333333,0.6666666666666666,0.001,0.07379944448385378,XGBoost,1.2963445329251357,1.3524551555163908
2026-08-01,"frozenset({'PERSISTENT.NS', 'COFORGE.NS', 'DIVISLAB.NS', 'TRENT.NS', 'IOC.NS', 'BPCL.NS'})","frozenset({'INFY.NS', 'TCS.NS', 'MARUTI.NS', 'TATASTEEL.NS', 'SUNPHARMA.NS', 'SBIN.NS'})",0.014016387748002066,0.3333333333333333,0.8333333333333334,0.0011666666666666668,0.0128497210813354,XGBoost,1.3130021985985378,1.3714116913878929
2023-10-01,"frozenset({'BEL.NS', 'MPHASIS.NS', 'ZYDUSLIFE.NS', 'CHOLAFIN.NS', 'ABB.NS', 'GRASIM.NS'})","frozenset({'HDFCLIFE.NS', 'HINDUNILVR.NS', 'ICICIBANK.NS', 'EICHERMOT.NS', 'BAJAJ-AUTO.NS', 'SBIN.NS'})",-0.010252189233068254,1.0,1.0,0.002,-0.012252189233068254,NeuralNet,0.9877478107669317,0.9897478107669317
2023-11-01,"frozenset({'TATACONSUM.NS', 'BEL.NS', 'ADANIPORTS.NS', 'CHOLAFIN.NS', 'GODREJCP.NS', 'GRASIM.NS'})","frozenset({'DIVISLAB.NS', 'SIEMENS.NS', 'MPHASIS.NS', 'HEROMOTOCO.NS', 'HAL.NS', 'TRENT.NS'})",0.05331538800151758,0.5,1.0,0.0015,0.05181538800151758,NeuralNet,1.0389283468294699,1.0425165993216232
2023-12-01,"frozenset({'HDFCBANK.NS', 'TATASTEEL.NS', 'INDUSINDBK.NS', 'M&M.NS', 'CHOLAFIN.NS', 'ONGC.NS'})","frozenset({'SIEMENS.NS', 'HINDALCO.NS', 'HAL.NS', 'TECHM.NS', 'HCLTECH.NS', 'INFY.NS'})",-0.056398633558263765,0.8333333333333334,0.6666666666666666,0.0015,-0.057898633558263767,NeuralNet,0.9787758151830976,0.9837200876580756
2024-01-01,"frozenset({'IOC.NS', 'HCLTECH.NS', 'BAJFINANCE.NS', 'BAJAJ-AUTO.NS', 'ITC.NS', 'ABB.NS'})","frozenset({'TATACONSUM.NS', 'PERSISTENT.NS', 'HDFCLIFE.NS', 'HDFCBANK.NS', 'HINDALCO.NS', 'ADANIPORTS.NS'})",0.0383947539703021,1.0,0.8333333333333334,0.0018333333333333335,0.03656142063696877,NeuralNet,1.0145612494712988,1.0214897783993513
2024-02-01,"frozenset({'BEL.NS', 'PERSISTENT.NS', 'IOC.NS', 'HAL.NS', 'ZYDUSLIFE.NS', 'TRENT.NS'})","frozenset({'ASIANPAINT.NS', 'MPHASIS.NS', 'EICHERMOT.NS', 'INDUSINDBK.NS', 'CHOLAFIN.NS', 'SBIN.NS'})",-0.0022669660818973227,0.8333333333333334,1.0,0.0018333333333333335,-0.004100299415230656,NeuralNet,1.0104012445733759,1.0191740957187152
2024-03-01,"frozenset({'BEL.NS', 'HDFCBANK.NS', 'WIPRO.NS', 'IOC.NS', 'TATASTEEL.NS', 'ZYDUSLIFE.NS'})","frozenset({'COFORGE.NS', 'SBIN.NS', 'EICHERMOT.NS', 'INDUSINDBK.NS', 'AXISBANK.NS', 'INFY.NS'})",-0.0036995078427207,0.5,0.5,0.001,-0.0046995078427207,NeuralNet,1.0056528560002085,1.015403653158506
2024-04-01,"frozenset({'PERSISTENT.NS', 'CIPLA.NS', 'IOC.NS', 'ZYDUSLIFE.NS', 'ABB.NS', 'SHRIRAMFIN.NS'})","frozenset({'MPHASIS.NS', 'JSWSTEEL.NS', 'RELIANCE.NS', 'ADANIPORTS.NS', 'HCLTECH.NS', 'INFY.NS'})",0.036449743349260065,0.6666666666666666,0.8333333333333334,0.0015,0.034949743349260064,NeuralNet,1.040800165215866,1.0524148557120347
2024-05-01,"frozenset({'PERSISTENT.NS', 'NTPC.NS', 'CIPLA.NS', 'IOC.NS', 'EICHERMOT.NS', 'BAJAJ-AUTO.NS'})","frozenset({'WIPRO.NS', 'MPHASIS.NS', 'TATASTEEL.NS', 'RELIANCE.NS', 'ABB.NS', 'ULTRACEMCO.NS'})",-0.03696053938090675,0.5,0.6666666666666666,0.0011666666666666665,-0.038127206047573414,NeuralNet,1.0011173628623322,1.0135170349924387
2024-06-01,"frozenset({'NTPC.NS', 'HEROMOTOCO.NS', 'EICHERMOT.NS', 'ZYDUSLIFE.NS', 'VBL.NS', 'ULTRACEMCO.NS'})","frozenset({'ASIANPAINT.NS', 'TITAN.NS', 'TATASTEEL.NS', 'APOLLOHOSP.NS', 'HCLTECH.NS', 'ABB.NS'})",0.024196824212100156,0.6666666666666666,0.6666666666666666,0.0013333333333333333,0.022863490878766823,NeuralNet,1.0240064005567102,1.0380409285241199
2024-07-01,"frozenset({'COFORGE.NS', 'TRENT.NS', 'IOC.NS', 'HAL.NS', 'HEROMOTOCO.NS', 'VBL.NS'})","frozenset({'KOTAKBANK.NS', 'HDFCBANK.NS', 'MARUTI.NS', 'BAJFINANCE.NS', 'M&M.NS', 'GRASIM.NS'})",0.027542214190620844,0.6666666666666666,1.0,0.0016666666666666666,0.025875547523954177,NeuralNet,1.0505031268391487,1.066630874116162
2024-08-01,"frozenset({'HDFCBANK.NS', 'IOC.NS', 'HEROMOTOCO.NS', 'HINDALCO.NS', 'ITC.NS', 'VBL.NS'})","frozenset({'DIVISLAB.NS', 'ASIANPAINT.NS', 'BRITANNIA.NS', 'TATASTEEL.NS', 'EICHERMOT.NS', 'HAL.NS'})",-0.005550403112510059,0.5,1.0,0.0015,-0.007050403112510059,NeuralNet,1.0430966563239805,1.0607106427925683
2024-09-01,"frozenset({'SIEMENS.NS', 'HDFCBANK.NS', 'IOC.NS', 'ZYDUSLIFE.NS', 'VBL.NS', 'INFY.NS'})","frozenset({'ASIANPAINT.NS', 'SBIN.NS', 'TRENT.NS', 'ABB.NS', 'ONGC.NS', 'COALINDIA.NS'})",0.009974918386031338,0.5,0.8333333333333334,0.0013333333333333335,0.008641585052698004,NeuralNet,1.0521106647977891,1.071291144885619
2024-10-01,"frozenset({'SIEMENS.NS', 'BAJAJFINSV.NS', 'INDUSINDBK.NS', 'ZYDUSLIFE.NS', 'ABB.NS', 'SBIN.NS'})","frozenset({'TATACONSUM.NS', 'NESTLEIND.NS', 'RELIANCE.NS', 'BAJAJ-AUTO.NS', 'POWERGRID.NS', 'COALINDIA.NS'})",0.014554193238119222,0.6666666666666666,0.8333333333333334,0.0015,0.013054193238119223,NeuralNet,1.0658451207239454,1.0868829232225703
2024-11-01,"frozenset({'PERSISTENT.NS', 'COFORGE.NS', 'HDFCBANK.NS', 'HAL.NS', 'INDUSINDBK.NS', 'COALINDIA.NS'})","frozenset({'NTPC.NS', 'IOC.NS', 'BAJAJ-AUTO.NS', 'TVSMOTOR.NS', 'BPCL.NS', 'POWERGRID.NS'})",0.037861411093905506,0.8333333333333334,0.6666666666666666,0.0015,0.036361411093905505,NeuralNet,1.104600753321022,1.1280338443896458
2024-12-01,"frozenset({'HEROMOTOCO.NS', 'INDUSINDBK.NS', 'TECHM.NS', 'TRENT.NS', 'VBL.NS', 'NESTLEIND.NS'})","frozenset({'BEL.NS', 'SIEMENS.NS', 'ONGC.NS', 'ITC.NS', 'POWERGRID.NS', 'SHRIRAMFIN.NS'})",-0.02349525595589167,0.8333333333333334,0.8333333333333334,0.0016666666666666668,-0.025161922622558338,NeuralNet,1.0768068746371389,1.1015304004888027
2025-01-01,"frozenset({'KOTAKBANK.NS', 'CIPLA.NS', 'MPHASIS.NS', 'ZYDUSLIFE.NS', 'TECHM.NS', 'SBIN.NS'})","frozenset({'BEL.NS', 'SIEMENS.NS', 'HINDALCO.NS', 'BAJFINANCE.NS', 'BAJAJ-AUTO.NS', 'NESTLEIND.NS'})",-0.029788182999481383,0.8333333333333334,0.6666666666666666,0.0015,-0.031288182999481384,NeuralNet,1.0431155440883926,1.0687178113395501
2025-02-01,"frozenset({'PERSISTENT.NS', 'SIEMENS.NS', 'IOC.NS', 'RELIANCE.NS', 'ITC.NS', 'BAJAJFINSV.NS'})","frozenset({'HDFCLIFE.NS', 'HDFCBANK.NS', 'HINDUNILVR.NS', 'EICHERMOT.NS', 'M&M.NS', 'TRENT.NS'})",0.002522926323228175,1.0,1.0,0.002,0.0005229263232281751,NeuralNet,1.043661016664565,1.0714141076378816
2025-03-01,"frozenset({'HAL.NS', 'MPHASIS.NS', 'IOC.NS', 'INDUSINDBK.NS', 'BPCL.NS', 'BAJAJFINSV.NS'})","frozenset({'BEL.NS', 'HINDUNILVR.NS', 'ASIANPAINT.NS', 'M&M.NS', 'TRENT.NS', 'ABB.NS'})",0.055976840914600395,0.6666666666666666,0.5,0.0011666666666666665,0.05481017424793373,NeuralNet,1.1008642588437254,1.131388484694786
2025-04-01,"frozenset({'WIPRO.NS', 'BAJFINANCE.NS', 'ZYDUSLIFE.NS', 'BPCL.NS', 'CHOLAFIN.NS', 'COALINDIA.NS'})","frozenset({'DIVISLAB.NS', 'SIEMENS.NS', 'HDFCBANK.NS', 'RELIANCE.NS', 'HAL.NS', 'ABB.NS'})",-0.0246536471785926,0.8333333333333334,0.8333333333333334,0.0016666666666666668,-0.026320313845259267,NeuralNet,1.07188916604993,1.1034956321711982
2025-05-01,"frozenset({'SIEMENS.NS', 'COFORGE.NS', 'IOC.NS', 'HAL.NS', 'POWERGRID.NS', 'ABB.NS'})","frozenset({'TATACONSUM.NS', 'DIVISLAB.NS', 'HDFCBANK.NS', 'TITAN.NS', 'ICICIBANK.NS', 'INDUSINDBK.NS'})",0.0032435685854932013,1.0,0.6666666666666666,0.0016666666666666666,0.0015769019188265347,NeuralNet,1.0735794301326433,1.1070748959379377
2025-06-01,"frozenset({'COFORGE.NS', 'VBL.NS', 'MPHASIS.NS', 'TRENT.NS', 'CHOLAFIN.NS', 'TCS.NS'})","frozenset({'BEL.NS', 'TITAN.NS', 'MARUTI.NS', 'HINDALCO.NS', 'SHRIRAMFIN.NS', 'COALINDIA.NS'})",-0.008510002100026816,0.8333333333333334,0.8333333333333334,0.0016666666666666668,-0.010176668766693483,NeuralNet,1.062653967877448,1.0976536862486188
2025-07-01,"frozenset({'INFY.NS', 'IOC.NS', 'INDUSINDBK.NS', 'TRENT.NS', 'VBL.NS', 'COALINDIA.NS'})","frozenset({'HDFCBANK.NS', 'MARUTI.NS', 'ICICIBANK.NS', 'RELIANCE.NS', 'HAL.NS', 'ULTRACEMCO.NS'})",-0.029913960427558967,0.6666666666666666,0.8333333333333334,0.0015,-0.031413960427558965,NeuralNet,1.0292717981823574,1.0648185173150133
2025-08-01,"frozenset({'HDFCBANK.NS', 'WIPRO.NS', 'NESTLEIND.NS', 'MARUTI.NS', 'EICHERMOT.NS', 'INFY.NS'})","frozenset({'IOC.NS', 'VBL.NS', 'ICICIBANK.NS', 'TATASTEEL.NS', 'ABB.NS', 'SBIN.NS'})",-0.0031990489699867744,0.8333333333333334,0.8333333333333334,0.0016666666666666668,-0.004865715636653441,NeuralNet,1.024263654299575,1.0614121107339738
2025-09-01,"frozenset({'HDFCBANK.NS', 'WIPRO.NS', 'ZYDUSLIFE.NS', 'TECHM.NS', 'TRENT.NS', 'INFY.NS'})","frozenset({'IOC.NS', 'MPHASIS.NS', 'ICICIBANK.NS', 'ITC.NS', 'HAL.NS', 'BPCL.NS'})",-0.019799145802132097,0.5,0.6666666666666666,0.0011666666666666665,-0.020965812468798764,NeuralNet,1.0027891346049236,1.040397057597403
2025-10-01,"frozenset({'PERSISTENT.NS', 'M&M.NS', 'TVSMOTOR.NS', 'AXISBANK.NS', 'CHOLAFIN.NS', 'SBIN.NS'})","frozenset({'BEL.NS', 'HINDUNILVR.NS', 'WIPRO.NS', 'INDUSINDBK.NS', 'ITC.NS', 'TCS.NS'})",0.030721515669923816,1.0,0.8333333333333334,0.0018333333333333335,0.028888182336590483,NeuralNet,1.0317578899705424,1.0723596321053244
2025-11-01,"frozenset({'HDFCLIFE.NS', 'RELIANCE.NS', 'INDUSINDBK.NS', 'TVSMOTOR.NS', 'TRENT.NS', 'CHOLAFIN.NS'})","frozenset({'DRREDDY.NS', 'HEROMOTOCO.NS', 'BAJFINANCE.NS', 'ITC.NS', 'ULTRACEMCO.NS', 'INFY.NS'})",0.01434911618776345,0.6666666666666666,0.8333333333333334,0.0015,0.01284911618776345,NeuralNet,1.0450150669764156,1.0877470450614708
2025-12-01,"frozenset({'TATACONSUM.NS', 'SIEMENS.NS', 'DIVISLAB.NS', 'HEROMOTOCO.NS', 'TVSMOTOR.NS', 'ABB.NS'})","frozenset({'PERSISTENT.NS', 'KOTAKBANK.NS', 'HDFCBANK.NS', 'ITC.NS', 'VBL.NS', 'NESTLEIND.NS'})",0.051822411254273025,0.8333333333333334,0.8333333333333334,0.0016666666666666668,0.05015574458760636,NeuralNet,1.097428575765885,1.1441167197712667
2026-01-01,"frozenset({'DIVISLAB.NS', 'TRENT.NS', 'IOC.NS', 'INDUSINDBK.NS', 'HEROMOTOCO.NS', 'COALINDIA.NS'})","frozenset({'COFORGE.NS', 'VBL.NS', 'ICICIBANK.NS', 'RELIANCE.NS', 'M&M.NS', 'HCLTECH.NS'})",0.14109247451229076,0.6666666666666666,0.8333333333333334,0.0015,0.13959247451229076,NeuralNet,1.250621346257544,1.30554297889468
2026-02-01,"frozenset({'COFORGE.NS', 'WIPRO.NS', 'MPHASIS.NS', 'HEROMOTOCO.NS', 'INDUSINDBK.NS', 'TECHM.NS'})","frozenset({'HDFCBANK.NS', 'BPCL.NS', 'APOLLOHOSP.NS', 'TRENT.NS', 'ABB.NS', 'SBIN.NS'})",0.053322050120627906,0.6666666666666666,1.0,0.0016666666666666666,0.05165538345396124,NeuralNet,1.3152226714541866,1.375157207049936
2026-03-01,"frozenset({'CIPLA.NS', 'WIPRO.NS', 'MPHASIS.NS', 'MARUTI.NS', 'HAL.NS', 'TCS.NS'})","frozenset({'TATACONSUM.NS', 'HDFCBANK.NS', 'ICICIBANK.NS', 'INDUSINDBK.NS', 'HEROMOTOCO.NS', 'NESTLEIND.NS'})",-0.012275274930766078,0.6666666666666666,0.8333333333333334,0.0015,-0.013775274930766078,NeuralNet,1.2971051175597286,1.3582767742603736
2026-04-01,"frozenset({'TATACONSUM.NS', 'KOTAKBANK.NS', 'TITAN.NS', 'INDUSINDBK.NS', 'HCLTECH.NS', 'SHRIRAMFIN.NS'})","frozenset({'BEL.NS', 'COFORGE.NS', 'HDFCBANK.NS', 'ICICIBANK.NS', 'ITC.NS', 'INFY.NS'})",-0.008846053303247317,1.0,0.6666666666666666,0.0016666666666666666,-0.010512719969913984,NeuralNet,1.2834690146872807,1.3462613855147036
2026-05-01,"frozenset({'DRREDDY.NS', 'COFORGE.NS', 'ONGC.NS', 'SHRIRAMFIN.NS', 'GODREJCP.NS', 'COALINDIA.NS'})","frozenset({'HDFCBANK.NS', 'ICICIBANK.NS', 'HAL.NS', 'ZYDUSLIFE.NS', 'TRENT.NS', 'INFY.NS'})",-0.047453788546455676,0.8333333333333334,0.5,0.0013333333333333335,-0.04878712187978901,NeuralNet,1.2208522554387995,1.2823761823982305
2026-06-01,"frozenset({'TATACONSUM.NS', 'KOTAKBANK.NS', 'TRENT.NS', 'BAJAJ-AUTO.NS', 'HCLTECH.NS', 'NESTLEIND.NS'})","frozenset({'BEL.NS', 'ULTRACEMCO.NS', 'ICICIBANK.NS', 'HAL.NS', 'ITC.NS', 'SHRIRAMFIN.NS'})",0.05654598808590189,1.0,0.6666666666666666,0.0016666666666666666,0.054879321419235225,NeuralNet,1.2878517987704234,1.354889410729765
2026-07-01,"frozenset({'DRREDDY.NS', 'IOC.NS', 'INDUSINDBK.NS', 'ZYDUSLIFE.NS', 'TRENT.NS', 'NESTLEIND.NS'})","frozenset({'SIEMENS.NS', 'HINDUNILVR.NS', 'POWERGRID.NS', 'HAL.NS', 'ITC.NS', 'HCLTECH.NS'})",0.0228015202247287,0.6666666666666666,0.6666666666666666,0.0013333333333333333,0.021468186891395367,NeuralNet,1.3154996418748466,1.3857829490307907
2026-08-01,"frozenset({'HDFCBANK.NS', 'VBL.NS', 'IOC.NS', 'ZYDUSLIFE.NS', 'TECHM.NS', 'ABB.NS'})","frozenset({'DIVISLAB.NS', 'SIEMENS.NS', 'KOTAKBANK.NS', 'BEL.NS', 'INDUSINDBK.NS', 'SBIN.NS'})",0.006291045178703863,0.6666666666666666,0.8333333333333334,0.0015,0.004791045178703863,NeuralNet,1.3218022600916377,1.3945009721710209
